phen_taxonomic,phen_id,phen_label,associated_process,synonym,plural_of,wikipedia_page
anagenesis,anagenesis,anagenesis,,,,https://en.wikipedia.org/wiki/Anagenesis
aneurysm,aneurysm,aneurysm,,,,https://en.wikipedia.org/wiki/Aneurysm
antibiosis,antibiosis,antibiosis,,,,https://en.wikipedia.org/wiki/Antibiosis
apoptosis,apoptosis,apoptosis,,,,https://en.wikipedia.org/wiki/Apoptosis
atmosphere,atmosphere,atmosphere,,,,http://en.wikipedia.org/wiki/Atmosphere
autolysis,autolysis,autolysis,,,,https://en.wikipedia.org/wiki/Autolysis_(biology)
autopsy,autopsy,autopsy,,,,https://en.wikipedia.org/wiki/Autopsy
avalanche,avalanche,avalanche,avalanche,,,
baseflow,baseflow,baseflow,flow,,,https://en.wikipedia.org/wiki/Baseflow
bergeron-findeisen-process,bergeron-findeisen-process,bergeron-findeisen-process,,,,https://en.wikipedia.org/wiki/Wegener%E2%80%93Bergeron%E2%80%93Findeisen_process
biogenesis,biogenesis,biogenesis,,,,
biopoiesis,biopoiesis,biopoiesis,,abiogenesis,,https://en.wikipedia.org/wiki/Abiogenesis
black-hole,black-hole,black-hole,,,,https://en.wikipedia.org/wiki/Black_hole
bond,bond,bond,,,,https://en.wikipedia.org/wiki/Chemical_bond
bond~c-c-c,bond~c-c-c,bond~c-c-c,,,,
bond~c-h,bond~c-h,bond~c-h,,,,https://en.wikipedia.org/wiki/Carbon%E2%80%93hydrogen_bond
bond~h-c-c-h,bond~h-c-c-h,bond~h-c-c-h,,,,
bond~h-h,bond~h-h,bond~h-h,,,,
bond~h-o,bond~h-o,bond~h-o,,,,
bond~h-o-h,bond~h-o-h,bond~h-o-h,,,,
bond~n-n,bond~n-n,bond~n-n,,,,
bond~o-o,bond~o-o,bond~o-o,,,,
canalization,canalization,canalization,canalize-river,,,https://en.wikipedia.org/wiki/River_engineering#Canalization_of_rivers
carpool,carpool,carpool,carpool,,,
cascade,cascade,cascade,cascade,,,
catagenesis,catagenesis,catagenesis,,,,https://en.wikipedia.org/wiki/Catagenesis_(geology)
cementation,cementation,cementation,cement,,,
centralization,centralization,centralization,centralize,,,
centrifugation,centrifugation,centrifugation,centrifuge,,,
cessation,cessation,cessation,cease,,,
channelization,channelization,channelization,channel,,,
chelation,chelation,chelation,chelate,,,
chemigation,chemigation,chemigation,chemigate,,,
chemosynthesis,chemosynthesis,chemosynthesis,chemosynthesize,,,
chirp,chirp,chirp,chirp,,,
chlorination,chlorination,chlorination,chlorinate,,,
circulation,circulation,circulation,circulate,,,
circumnavigation,circumnavigation,circumnavigation,circumnavigate,,,
cirrhosis,cirrhosis,cirrhosis,,,,https://en.wikipedia.org/wiki/Cirrhosis
cladogenesis,cladogenesis,cladogenesis,,,,https://en.wikipedia.org/wiki/Cladogenesis
clearance,clearance,clearance,clear,,,
cleavage,cleavage,cleavage,cleave,,,
closure,closure,closure,close,,,
cloud,cloud,cloud,,,,https://en.wikipedia.org/wiki/Cloud
cloud~convective,cloud~convective,cloud~convective,,,,
cloud~high-type,cloud~high-type,cloud~high-type,,,,"https://en.wikipedia.org/wiki/List_of_cloud_types#High-level_cirriform,_stratocumuliform,_and_stratiform"
cloud~low-type,cloud~low-type,cloud~low-type,,,,"https://en.wikipedia.org/wiki/List_of_cloud_types#Low-level_stratocumuliform,_cumuliform,_and_stratiform"
cloud~medium-type,cloud~medium-type,cloud~medium-type,,,,https://en.wikipedia.org/wiki/List_of_cloud_types#Mid-level_stratocumuliform_and_stratiform
cloud~stratiform,cloud~stratiform,cloud~stratiform,,,,
clouds,clouds,clouds,,,cloud,
coagulation,coagulation,coagulation,coagulate,,,
coalescence,coalescence,coalescence,coalesce,,,
coercion,coercion,coercion,coerce,,,
coexistence,coexistence,coexistence,coexist,,,
cognition,cognition,cognition,,,,
coincidence,coincidence,coincidence,,,,https://en.wikipedia.org/wiki/Coincidence
collapse,collapse,collapse,collapse,,,
collection,collection,collection,collect,,,
collimation,collimation,collimation,collimate,,,
collision,collision,collision,collide,,,
colonization,colonization,colonization,colonize,,,
combination,combination,combination,combine,,,
combustion,combustion,combustion,combust,,,https://en.wikipedia.org/wiki/Combustion
comminution,comminution,comminution,comminute,,,
compactification,compactification,compactification,compactify,,,
compaction,compaction,compaction,compact,,,
compensation,compensation,compensation,compensate,,,
competition,competition,competition,compete,,,
completion,completion,completion,complete,,,
complexation,complexation,complexation,complex,,,
compression,compression,compression,compress,,,
concealment,concealment,concealment,conceal,,,
conception,conception,conception,conceive,,,
concussion,concussion,concussion,concus,,,
condensation,condensation,condensation,condense,,,https://en.wikipedia.org/wiki/Condensation
conduction,conduction,conduction,conduct,,,
confinement,confinement,confinement,confine,,,
conflation,conflation,conflation,conflate,,,
confusion,confusion,confusion,confuse,,,
congelation,congelation,congelation,congeal,,,https://en.wikipedia.org/wiki/Congelation
congestion,congestion,congestion,congest,,,
conjugation,conjugation,conjugation,conjugate,,,
conjunction,conjunction,conjunction,,,,https://en.wikipedia.org/wiki/Conjunction_(astronomy)
connection,connection,connection,connect,,,
conservation,conservation,conservation,conserve,,,
consolidation,consolidation,consolidation,consolidate,,,
consumption,consumption,consumption,consume,,,http://en.wikipedia.org/wiki/Consumption
contact,contact,contact,contact,,,
containment,containment,containment,contain,,,
contamination,contamination,contamination,contaminate,,,
contraception,contraception,contraception,contracept,,,
contraction,contraction,contraction,contract,,,
control,control,control,control,,,
contusion,contusion,contusion,contuse,,,
convection,convection,convection,convect,,,http://en.wikipedia.org/wiki/Convection
convergence,convergence,convergence,converge,,,
conversion,conversion,conversion,convert,,,https://en.wikipedia.org/wiki/Conversion
conveyance,conveyance,conveyance,convey,,,
convolution,convolution,convolution,convolute,,,
convulsion,convulsion,convulsion,convulse,,,
cooperation,cooperation,cooperation,cooperate,,,
coordination,coordination,coordination,coordinate,,,
corrasion,corrasion,corrasion,,,,https://en.wikipedia.org/wiki/Corrasion
correction,correction,correction,correct,,,
correlation,correlation,correlation,correlate,,,
corrosion,corrosion,corrosion,corrode,,,
coverage,coverage,coverage,cover,,,
crack,crack,crack,crack,,,https://en.wikipedia.org/wiki/Fracture
crash,crash,crash,crash,,,
creation,creation,creation,create,,,
creepage,creepage,creepage,creep,,,
crevasse,crevasse,crevasse,crevasse,,,https://en.wikipedia.org/wiki/Crevasse
crossover,crossover,crossover,cross-over,,,
cryoplanation,cryoplanation,cryoplanation,,altiplanation,,https://en.wikipedia.org/wiki/Cryoplanation
cryopreservation,cryopreservation,cryopreservation,,,,https://en.wikipedia.org/wiki/Cryopreservation
cryosuction,cryosuction,cryosuction,,,,https://en.wikipedia.org/wiki/Cryosuction
cryoturbation,cryoturbation,cryoturbation,,,,https://en.wikipedia.org/wiki/Cryoturbation
crystallization,crystallization,crystallization,crystallize,,,
culmination,culmination,culmination,culminate,,,
cultivation,cultivation,cultivation,cultivate,,,
culture,culture,culture,,,,https://en.wikipedia.org/wiki/Culture
curation,curation,curation,curate,,,
cure,cure,cure,cure,,,https://en.wikipedia.org/wiki/Cure
curettage,curettage,curettage,curette,,,https://en.wikipedia.org/wiki/Curettage
current,current,current,,,,https://en.wikipedia.org/wiki/Current_(fluid)
current~rip,rip-current,rip-current,course,,,https://en.wikipedia.org/wiki/Rip_current
curtailment,curtailment,curtailment,curtail,,,
cutoff,cutoff,cutoff,cut-off,,,
cyclone,cyclone,cyclone,,,,https://en.wikipedia.org/wiki/Cyclone
cyclone~tropical,cyclone~tropical,cyclone~tropical,,,,https://en.wikipedia.org/wiki/Tropical_cyclone
cyclone~tropical~dvorak,cyclone~tropical~dvorak,cyclone~tropical~dvorak,,,,
damage,damage,damage,damage,,,
day,day,day,,,,https://en.wikipedia.org/wiki/Day
day~sidereal,day~sidereal,day~sidereal,,,,https://en.wikipedia.org/wiki/Sidereal_time
day~solar-mean,day~solar-mean,day~solar-mean,,,,https://en.wikipedia.org/wiki/Solar_time
day~stellar,day~stellar,day~stellar,,,,https://en.wikipedia.org/wiki/Earth%27s_rotation#Stellar_day
deactivation,deactivation,deactivation,deactivate,,,
dealkalization,dealkalization,dealkalization,dalkalize,,,
decantation,decantation,decantation,decant,,,
decay,decay,decay,decay,,,
deceleration,deceleration,deceleration,decelerate,,,
decentralization,decentralization,decentralization,decentralize,,,
deception,deception,deception,deceive,,,
decimation,decimation,decimation,decimate,,,
decision,decision,decision,decide,,,
declination,declination,declination,decline,,,
decollimation,decollimation,decollimation,decollimate,,,
decomposition,decomposition,decomposition,decompose,,,
decompression,decompression,decompression,decompress,,,
defenestration,defenestration,defenestration,defenestrate,,,
defense,defense,defense,defend,,,
defertilisation,defertilisation,defertilisation,defertilise,,,
defervescence,defervescence,defervescence,defervesce,,,
defibrillation,defibrillation,defibrillation,defribillate,,,
deflation,deflation,deflation,deflate,,,
deflection,deflection,deflection,deflect,,,
defoliation,defoliation,defoliation,defoliate,,,
deforestation,deforestation,deforestation,deforest,,,
deformation,deformation,deformation,deform,,,
deglaciation,deglaciation,deglaciation,deglaciate,,,
degradation,degradation,degradation,degrade,,,
dehalogenation,dehalogenation,dehalogenation,dehalogenate,,,
dehydration,dehydration,dehydration,dehydrate,,,
deionization,deionization,deionization,deionize,,,
delamination,delamination,delamination,delaminate,,,
delay,delay,delay,delay,,,
deliberation,deliberation,deliberation,deliberate,,,
delineation,delineation,delineation,delineate,,,
delivery,delivery,delivery,deliver,,,
demand,demand,demand,demand,,,
demarcation,demarcation,demarcation,demarcate,,,
demolition,demolition,demolition,demolish,,,
denaturation,denaturation,denaturation,denature,,,
denitrification,denitrification,denitrification,denitrify,,,https://en.wikipedia.org/wiki/Denitrification
densification,densification,densification,densify,,,
denudation,denudation,denudation,denude,,,
departure,departure,departure,depart,,,
dependence,dependence,dependence,depend,,,
dephosphorylation,dephosphorylation,dephosphorylation,dephosphorylate,,,
depletion,depletion,depletion,deplete,,,
deployment,deployment,deployment,depoly,,,
deposition,deposition,deposition,deposit,,,https://en.wikipedia.org/wiki/Deposition
depression,depression,depression,depress,,,
deprivation,deprivation,deprivation,deprive,,,
deprotonation,deprotonation,deprotonation,deprotonate,,,
derailment,derailment,derailment,derail,,,
desalination,desalination,desalination,desalinate,,,
descension,descension,descension,descend,,,
descent,descent,descent,descend,,,
desertification,desertification,desertification,desertify,,,
desiccation,desiccation,desiccation,dessicate,,,
desorption,desorption,desorption,desorb,,,
destruction,destruction,destruction,destroy,,,https://en.wikipedia.org/wiki/Destruction
desublimation,desublimation,desublimation,desublimate,,,http://en.wikipedia.org/wiki/Desublimation
detachment,detachment,detachment,detach,,,
detection,detection,detection,detect,,,http://en.wikipedia.org/wiki/Detection
detention,detention,detention,detain,,,
deterioration,deterioration,deterioration,deteriorate,,,
deterrence,deterrence,deterrence,deter,,,
detonation,detonation,detonation,detonate,,,
detoxification,detoxification,detoxification,detoxify,,,
detrainment,detrainment,detrainment,detrain,,,
development,development,development,develop,,,
deviation,deviation,deviation,deviate,,,
diabatic-processes,diabatic-processes,diabatic-processes,,,,
diagenesis,diagenesis,diagenesis,,,,https://en.wikipedia.org/wiki/Diagenesis
dialysis,dialysis,dialysis,,,,https://en.wikipedia.org/wiki/Dialysis
differentiation,differentiation,differentiation,differentiate,,,
diffraction,diffraction,diffraction,diffract,,,
diffusion,diffusion,diffusion,diffuse,,,http://en.wikipedia.org/wiki/Diffusion
dig,dig,dig,dig,,,
digestion,digestion,digestion,digest,,,
dilatation,dilatation,dilatation,dilatate,,,
dilation,dilation,dilation,dilate,,,
dilution,dilution,dilution,dilute,,,
dip,dip,dip,dip,,,
disappearance,disappearance,disappearance,disappear,,,
disassembly,disassembly,disassembly,disassemble,,,
discharge,discharge,discharge,discharge,,,
disconnection,disconnection,disconnection,disconnect,,,
discovery,discovery,discovery,discover,,,
disentrainment,disentrainment,disentrainment,disentrain,,,
disgregation,disgregation,disgregation,disgregate,,,
disinfection,disinfection,disinfection,disinfect,,,https://en.wikipedia.org/wiki/Disinfection
disintegration,disintegration,disintegration,disintegrate,,,
dislocation,dislocation,dislocation,dislocate,,,
dispersal,dispersal,dispersal,disperse,,,
dispersion,dispersion,dispersion,disperse,,,
displacement,displacement,displacement,displace,,,
disposal,disposal,disposal,dispose,,,https://en.wikipedia.org/wiki/Disposal
disruption,disruption,disruption,disrupt,,,
dissection,dissection,dissection,dissect,,,
dissipation,dissipation,dissipation,dissipate,,,
dissociation,dissociation,dissociation,dissociate,,,http://en.wikipedia.org/wiki/Dissipation
dissolution,dissolution,dissolution,dissolve,,,http://en.wikipedia.org/wiki/Dissociation
distillation,distillation,distillation,distill,,,https://en.wikipedia.org/wiki/Dissolution
distortion,distortion,distortion,distort,,,
distraction,distraction,distraction,distract,,,
distribution,distribution,distribution,distribute,,,
disturbance,disturbance,disturbance,disturb,,,https://en.wikipedia.org/wiki/Distribution
dive,dive,dive,dive,,,
divergence,divergence,divergence,diverge,,,
diversion,diversion,diversion,divert,,,
division,division,division,divide,,,
dodge,dodge,dodge,dodge,,,
dolomitization,dolomitization,dolomitization,dolomitize,,,
domination,domination,domination,dominate,,,
donation,donation,donation,donate,,,
downburst,downburst,downburst,burst-down,,,
downdraft,downdraft,downdraft,,,,
downforce,downforce,downforce,force-down,,,
downscale,downscale,downscale,scale-down,,,
downturn,downturn,downturn,turn-down,,,
drag,drag,drag,drag,,,
drainage,drainage,drainage,drain,,,
drawdown,drawdown,drawdown,draw-down,,,
drive,drive,drive,drive,,,
drizzle,drizzle,drizzle,precipitate,,,https://en.wikipedia.org/wiki/Drizzle
drought,drought,drought,,,,https://en.wikipedia.org/wiki/Drought
drown,drown,drown,drown,,,
duplication,duplication,duplication,duplicate,,,
dysregulation,dysregulation,dysregulation,dysregulate,,,
earthquake,earthquake,earthquake,quake,,,http://en.wikipedia.org/wiki/Earthquake
ecosystem,ecosystem,ecosystem,,,,http://en.wikipedia.org/wiki/Ecosystem
eddy,eddy,eddy,eddy,,,https://en.wikipedia.org/wiki/Eddy_(fluid_dynamics)
ejection,ejection,ejection,eject,,,
electrification,electrification,electrification,electrify,,,
electrocution,electrocution,electrocution,electrocute,,,
electrodeposition,electrodeposition,electrodeposition,electrodeposit,,,
elimination,elimination,elimination,eliminate,,,
elongation,elongation,elongation,elongate,,,
elution,elution,elution,elute,,,
eluviation,eluviation,eluviation,eluviate,,,
emanation,emanation,emanation,emanate,,,
embarcation,embarcation,embarcation,embark,,,
embrittlement,embrittlement,embrittlement,embrittle,,,https://en.wikipedia.org/wiki/Embrittlement
emergence,emergence,emergence,emerge,,,https://en.wikipedia.org/wiki/Emergence
emigration,emigration,emigration,emigrate,,,
emission,emission,emission,emit,,,http://en.wikipedia.org/wiki/Emission
emplacement,emplacement,emplacement,emplace,,,
emulsification,emulsification,emulsification,emulsify,,,
encapsulation,encapsulation,encapsulation,encapsulate,,,
encasement,encasement,encasement,encase,,,
encroachment,encroachment,encroachment,encroach,,,
enforcement,enforcement,enforcement,enforce,,,
engagement,engagement,engagement,engage,,,
enrichment,enrichment,enrichment,enrich,,,
entanglement,entanglement,entanglement,entangle,,,
entrainment,entrainment,entrainment,entrain,,,
entry,entry,entry,enter,entrance,,
equalization,equalization,equalization,equalize,,,
equilibration,equilibration,equilibration,equilibrate,,,
equinox,equinox,equinox,,,,https://en.wikipedia.org/wiki/Equinox
eradication,eradication,eradication,eradicate,,,
erosion,erosion,erosion,erode,,,
eruption,eruption,eruption,erupt,,,
escalation,escalation,escalation,escalate,,,
escape,escape,escape,escape,,,
espionage,espionage,espionage,spy,,,
establishment,establishment,establishment,establish,,,
esterification,esterification,esterification,esterify,,,
estimation,estimation,estimation,estimate,,,
estivation,estivation,estivation,estivate,,,
ethylation,ethylation,ethylation,ethylate,,,
eutrophication,eutrophication,eutrophication,eutrophicate,,,
evacuation,evacuation,evacuation,evacuate,,,
evaluation,evaluation,evaluation,evaluate,,,
evaporation,evaporation,evaporation,evaporate,,,http://en.wikipedia.org/wiki/Evaporation
evapotranspiration,evapotranspiration,evapotranspiration,evapotranspire,,,
evasion,evasion,evasion,evade,,,
eviction,eviction,eviction,evict,,,
evolution,evolution,evolution,evolve,,,
examination,examination,examination,examine,,,
excavation,excavation,excavation,excavate,,,
exceedance,exceedance,exceedance,exceed,,,
exchange,exchange,exchange,exchange,,,https://en.wikipedia.org/wiki/Exchange
excitation,excitation,excitation,excite,,,
exclusion,exclusion,exclusion,exclude,,,
excretion,excretion,excretion,excrete,,,
excursion,excursion,excursion,excurse,,,
exertion,exertion,exertion,exert,,,
exfiltration,exfiltration,exfiltration,exfilter,,,
exfoliation,exfoliation,exfoliation,exfoliate,,,
exhalation,exhalation,exhalation,exhale,,,
exhaustion,exhaustion,exhaustion,exhaust,,,
exhumation,exhumation,exhumation,exhume,,,
existence,existence,existence,exist,,,
exodus,exodus,exodus,,,,
expansion,expansion,expansion,expand,,,
expiration,expiration,expiration,expire,,,
exploitation,exploitation,exploitation,exploit,,,
explosion,explosion,explosion,explode,,,
exposure,exposure,exposure,expose,,,
expression,expression,expression,express,,,
expulsion,expulsion,expulsion,expel,,,
exsanguination,exsanguination,exsanguination,exsanguinate,,,
extension,extension,extension,extend,,,
extermination,extermination,extermination,exterminate,,,
exteroception,exteroception,exteroception,,,,
extinction,extinction,extinction,,,,https://en.wikipedia.org/wiki/Extinction
extinguishment,extinguishment,extinguishment,extinguish,,,
extraction,extraction,extraction,extract,,,
extrapolation,extrapolation,extrapolation,extrapolate,,,
extravasation,extravasation,extravasation,extravasate,,,
extrusion,extrusion,extrusion,extrude,,,
exudation,exudation,exudation,exude,,,
fabrication,fabrication,fabrication,fabricate,,,
failure,failure,failure,fail,,,
fall,fall,fall,fall,,,
fallout,fallout,fallout,fall-out,,,
fasciculation,fasciculation,fasciculation,fasciculate,,,
fault,fault,fault,,,,https://en.wikipedia.org/wiki/Fault_(geology)
fecundation,fecundation,fecundation,,,,
feedback,feedback,feedback,feed-back,,,
fermentation,fermentation,fermentation,ferment,,,
fertigation,fertigation,fertigation,fertigate,,,
fertilization,fertilization,fertilization,fertilize,,,
fibrillation,fibrillation,fibrillation,fibrillate,,,
fibrosis,fibrosis,fibrosis,,,,https://en.wikipedia.org/wiki/Fibrosis
filamentation,filamentation,filamentation,,,,https://en.wikipedia.org/wiki/Filamentation
filtration,filtration,filtration,filter,,,
fire,fire,fire,combust,,,https://en.wikipedia.org/wiki/Fire
fires,fires,fires,combust,,fire,
fires~excluding-anthropogenic-land-use-change,fires~excluding-anthropogenic-land-use-change,fires~excluding-anthropogenic-land-use-change,combust,,,
fission,fission,fission,fission,,,https://en.wikipedia.org/wiki/Fission
fixation,fixation,fixation,fixate,,,
flagellation,flagellation,flagellation,flagellate,,,
flashback,flashback,flashback,flash-back,,,
flexure,flexure,flexure,flex,,,
flight,flight,flight,fly,,,https://en.wikipedia.org/wiki/Flight
flocculation,flocculation,flocculation,flocculate,,,
flood,flood,flood,flood,,,http://en.wikipedia.org/wiki/Flood
flotation,flotation,flotation,float,,,
flow,flow,flow,flow,,,http://en.wikipedia.org/wiki/Flow
fluctuation,fluctuation,fluctuation,fuctuate,,,
fluorescence,fluorescence,fluorescence,fluoresce,,,
fluorination,fluorination,fluorination,fluorinate,,,
flush,flush,flush,flush,,,
flutter,flutter,flutter,flutter,,,
fog,fog,fog,fog,,,https://en.wikipedia.org/wiki/Fog
forecast,forecast,forecast,forecast,,,https://en.wikipedia.org/wiki/Forecasting
forest,forest,forest,,,,https://en.wikipedia.org/wiki/Forest
forestry,forestry,forestry,,,,https://en.wikipedia.org/wiki/Forestry
formation,formation,formation,form,,,
fortification,fortification,fortification,fortify,,,
fractionization,fractionization,fractionization,fractionate,,,
fragmentation,fragmentation,fragmentation,fragment,,,
friction,friction,friction,,,,http://en.wikipedia.org/wiki/Friction
front,front,front,,,,https://en.wikipedia.org/wiki/Front
front~frost,frost-front,frost-front,,,,https://en.wikipedia.org/wiki/Frost_line
front~thawing,thawing-front,thawing-front,,,,https://en.wikipedia.org/wiki/Thaw_(weather)
front~wetting,wetting-front,wetting-front,,,,
fumigation,fumigation,fumigation,fumigate,,,
fusion,fusion,fusion,fuse,,,http://en.wikipedia.org/wiki/Fusion
gelation,gelation,gelation,gelate,,,
gelifluction,gelifluction,gelifluction,,,,https://en.wikipedia.org/wiki/Gelifluction
generation,generation,generation,generate,,,
genesis,genesis,genesis,,,,
germination,germination,germination,germinate,,,
glaciation,glaciation,glaciation,glaciate,,,
glide,glide,glide,glide,,,
globalization,globalization,globalization,globalize,,,
gravity,gravity,gravity,gravitate,,,
growth,growth,growth,grow,,,https://en.wikipedia.org/wiki/Growth
guidance,guidance,guidance,guide,,,
gust,gust,gust,gust,,,
guttation,guttation,guttation,,,,https://en.wikipedia.org/wiki/Guttation
gyration,gyration,gyration,gyrate,,,
gyre,gyre,gyre,,,,https://en.wikipedia.org/wiki/Gyre
habitat,habitat,habitat,,,,https://en.wikipedia.org/wiki/Habitat
habitat~depositional-targeted,habitat~depositional-targeted,habitat~depositional-targeted,,,,
habitation,habitation,habitation,habitate,,,
hadronization,hadronization,hadronization,hadronize,,,
halogenation,halogenation,halogenation,halogenate,,,
harvest,harvest,harvest,harvest,,,https://en.wikipedia.org/wiki/Harvest
hesitation,hesitation,hesitation,hesitate,,,
heterogeneous-nucleation,heterogeneous-nucleation,heterogeneous-nucleation,nucleate,,,https://en.wikipedia.org/wiki/Nucleation#Heterogeneous
heterosis,heterosis,heterosis,,,,https://en.wikipedia.org/wiki/Heterosis
hibernation,hibernation,hibernation,hibernate,,,
homogenous-nucleation,homogenous-nucleation,homogenous-nucleation,nucleate,,,
hop,hop,hop,hop,,,
humidification,humidification,humidification,humidify,,,
hybridization,hybridization,hybridization,hybridize,,,
hydration,hydration,hydration,hydrate,,,
hydraulic-jump,hydraulic-jump,hydraulic-jump,,,,https://en.wikipedia.org/wiki/Hydraulic_jump
hydrogenation,hydrogenation,hydrogenation,hydrogenate,,,
hydrolysis,hydrolysis,hydrolysis,hydrolyze,,,
hyperpolarization,hyperpolarization,hyperpolarization,hyperpolarize,,,
icefall,icefall,icefall,precipitate,,,
ice-shove,ice-shove,ice-shove,,"ice-heave, ivu, ice-surge, shoreline-ice-pileup",,https://en.wikipedia.org/wiki/Ice_shove
identification,identification,identification,identify,,,
ignition,ignition,ignition,ignite,firelighting,,https://en.wikipedia.org/wiki/Firelighting
illumination,illumination,illumination,illuminate,,,
illuviation,illuviation,illuviation,illuviate,,,
imbrication,imbrication,imbrication,imbricating,,,
immersion,immersion,immersion,immerse,,,
immigration,immigration,immigration,immigrate,,,
immobilization,immobilization,immobilization,immobilize,,,
immunization,immunization,immunization,immunize,,,
impact,impact,impact,impact,,,https://en.wikipedia.org/wiki/Impact_(mechanics)
impairment,impairment,impairment,impair,,,
impedance,impedance,impedance,impede,,,
implantation,implantation,implantation,implant,,,
implosion,implosion,implosion,implode,,,
impregnation,impregnation,impregnation,impregnate,,,
improvement,improvement,improvement,improve,,,
incarceration,incarceration,incarceration,incarcerate,,,
inception,inception,inception,,,,
incidence,incidence,incidence,,,,https://en.wikipedia.org/wiki/Incidence_(epidemiology)
incineration,incineration,incineration,incinerate,,,
incision,incision,incision,incise,,,
inclination,inclination,inclination,incline,,,
inclusion,inclusion,inclusion,include,,,
incorporation,incorporation,incorporation,incorporate,,,
incubation,incubation,incubation,incubate,,,
incursion,incursion,incursion,,,,
indentation,indentation,indentation,indent,,,
independence,independence,independence,,,,https://en.wikipedia.org/wiki/Independence
indication,indication,indication,indicate,,,
induction,induction,induction,induct,,,
inebriation,inebriation,inebriation,inebriate,,,
infarction,infarction,infarction,,,,https://en.wikipedia.org/wiki/Infarction
infection,infection,infection,infect,,,
infestation,infestation,infestation,infest,,,
infiltration,infiltration,infiltration,infiltrate,,,http://en.wikipedia.org/wiki/Infiltration
inflammation,inflammation,inflammation,inflame,,,
inflation,inflation,inflation,inflate,,,
inflection,inflection,inflection,inflect,,,
inflow,inflow,inflow,flow-in,,,
influence,influence,influence,influence,,,
infusion,infusion,infusion,infuse,,,
ingestion,ingestion,ingestion,ingest,,,
inhalation,inhalation,inhalation,inhale,,,
inheritance,inheritance,inheritance,inherit,,,
inhibition,inhibition,inhibition,inhibit,,,
initialization,initialization,initialization,initialize,,,
injection,injection,injection,inject,,,
innervation,innervation,innervation,innervate,,,
innovation,innovation,innovation,innovate,,,
inoculation,inoculation,inoculation,inoculate,,,
insertion,insertion,insertion,insert,,,
insolation,insolation,insolation,insolate,,,
inspection,inspection,inspection,inspect,,,
installation,installation,installation,install,,,
institution,institution,institution,institute,,,https://en.wikipedia.org/wiki/Institution
insulation,insulation,insulation,insulate,,,
intake,intake,intake,take-in,,,
integration,integration,integration,integrate,,,
intensification,intensification,intensification,intensify,,,
interaction,interaction,interaction,interact,,,
intercalation,intercalation,intercalation,intercalate,,,
interception,interception,interception,intercept,,,https://en.wikipedia.org/wiki/Interception_(disambiguation)
interconnection,interconnection,interconnection,interconnect,,,
interdependence,interdependence,interdependence,interdepend,,,
interference,interference,interference,interfere,,,
interflow,interflow,interflow,interflow,,,
interoception,interoception,interoception,,,,https://en.wikipedia.org/wiki/Interoception
interpolation,interpolation,interpolation,interpolate,,,
interruption,interruption,interruption,interrupt,,,
intersection,intersection,intersection,intersect,,,
interspersal,interspersal,interspersal,intersperse,,,
intoxication,intoxication,intoxication,intoxicate,,,
introgression,introgression,introgression,introgress,,,
intrusion,intrusion,intrusion,intrude,,,
inundation,inundation,inundation,inundate,,,
invasion,invasion,invasion,invade,,,
inversion,inversion,inversion,invert,,,
invocation,invocation,invocation,invoke,,,
iodination,iodination,iodination,iodize,,,
ionization,ionization,ionization,ionize,,,
ionosphere,ionosphere,ionosphere,,,,https://en.wikipedia.org/wiki/Ionosphere
irradiation,irradiation,irradiation,irradiate,,,
irrigation,irrigation,irrigation,irrigate,,,
irritation,irritation,irritation,irritate,,,
isolation,isolation,isolation,isolate,,,
iteration,iteration,iteration,iterate,,,
judder,judder,judder,judder,,,
juxtaposition,juxtaposition,juxtaposition,justapose,,,
laceration,laceration,laceration,lacerate,,,
lag,lag,lag,lag,,,
lamination,lamination,lamination,laminate,,,
landfall,landfall,landfall,,,,https://en.wikipedia.org/wiki/Landfall
landslide,landslide,landslide,landslide,,,
lapse,lapse,lapse,lapse,,,
lateration,lateration,lateration,,,,
lead,lead,lead,lead,,,
leakage,leakage,leakage,leak,,,
lean,lean,lean,lean,,,
levitation,levitation,levitation,levitate,,,
libration,libration,libration,librate,,,
life,life,life,live,,,http://en.wikipedia.org/wiki/Life
lifetime,lifetime,lifetime,,lifespan,,https://en.wikipedia.org/wiki/Product_lifetime
lift,lift,lift,lift,,,
liftoff,liftoff,liftoff,lift-off,,,
ligation,ligation,ligation,litigate,,,
lightning,lightning,lightning,,,,https://en.wikipedia.org/wiki/Lightning
limit,limit,limit,limit,,,
linkage,linkage,linkage,link,,,
lipolysis,lipolysis,lipolysis,,,,https://en.wikipedia.org/wiki/Lipolysis
liquefaction,liquefaction,liquefaction,liquefy,,,
lithification,lithification,lithification,lithify,,,
lithosphere,lithosphere,lithosphere,,,,http://en.wikipedia.org/wiki/Lithosphere
litterfall,litterfall,litterfall,,,,https://en.wikipedia.org/wiki/Plant_litter
localization,localization,localization,localize,,,
locomotion,locomotion,locomotion,locomote,,,
longshore-current,longshore-current,longshore-current,course,,,https://en.wikipedia.org/wiki/Longshore_drift
lordosis,lordosis,lordosis,,,,https://en.wikipedia.org/wiki/Lordosis
loss,loss,loss,lose,,,
lubrication,lubrication,lubrication,lubricate,,,
luminescence,luminescence,luminescence,luminesce,,,
maceration,maceration,maceration,macerate,,,
magnetization,magnetization,magnetization,magnetize,,,
magnification,magnification,magnification,magnify,,,
maintenance,maintenance,maintenance,maintain,,,https://en.wikipedia.org/wiki/Maintenance
management,management,management,manage,,,
manufacture,manufacture,manufacture,manufacture,,,
march,march,march,march,,,
mastication,mastication,mastication,masticate,,,
match,match,match,match,,,
mate,mate,mate,mate,,,
maturation,maturation,maturation,mature,,,
maximization,maximization,maximization,maximize,,,
meander,meander,meander,meander,,,http://en.wikipedia.org/wiki/Meander
measurement,measurement,measurement,measure,,,
mediation,mediation,mediation,mediate,,,
meeting,meeting,meeting,meet,,,
meiosis,meiosis,meiosis,,,,https://en.wikipedia.org/wiki/Meiosis
melt,melt,melt,melt,,,https://en.wikipedia.org/wiki/Melt
metabolism,metabolism,metabolism,metabolize,,,
metagenesis,metagenesis,metagenesis,metagenerate,,,
metamorphosis,metamorphosis,metamorphosis,metamorphose,,,
methylation,methylation,methylation,methylate,,,
migration,migration,migration,migrate,,,http://en.wikipedia.org/wiki/Migration
mineralization,mineralization,mineralization,mineralize,,,
minimization,minimization,minimization,minimize,,,
mitigation,mitigation,mitigation,mitigate,,,
mitosis,mitosis,mitosis,mitose,,,
mobilization,mobilization,mobilization,mobilize,,,
moderation,moderation,moderation,moderate,,,
modification,modification,modification,modify,,,
modulation,modulation,modulation,modulate,,,
motion,motion,motion,move,,,https://en.wikipedia.org/wiki/Motion
movement,movement,movement,move,,,
multilateration,multilateration,multilateration,,,,https://en.wikipedia.org/wiki/Multilateration
multiplication,multiplication,multiplication,multiply,,,
mutation,mutation,mutation,mutate,,,
navigation,navigation,navigation,navigate,,,
neurovitrification,neurovitrification,neurovitrification,neurovitrify,,,
neutralization,neutralization,neutralization,neutralize,,,
newtonian-relaxation,newtonian-relaxation,newtonian-relaxation,relax,,,
night,night,night,,,,https://en.wikipedia.org/wiki/Night
nitrification,nitrification,nitrification,nitrify,,,
nourishment,nourishment,nourishment,nourish,,,
nucleation,nucleation,nucleation,nucleate,,,https://en.wikipedia.org/wiki/Nucleation
nullification,nullification,nullification,nullify,,,
nutation,nutation,nutation,nutate,,,http://en.wikipedia.org/wiki/Nutation
obduction,obduction,obduction,obduct,,,
obliteration,obliteration,obliteration,obliterate,,,
observation,observation,observation,observe,,,https://en.wikipedia.org/wiki/Observation
obstruction,obstruction,obstruction,obstruct,,,
occlusion,occlusion,occlusion,occlude,,,
occultation,occultation,occultation,occult,,,
occurrence,occurrence,occurrence,occurr,,,
offense,offense,offense,offend,,,
omission,omission,omission,miss,,,
onset,onset,onset,set-on,,,
operation,operation,operation,operate,,,
opposition,opposition,opposition,oppose,,,
optimization,optimization,optimization,optimize,,,
orientation,orientation,orientation,orient,,,
origination,origination,origination,originate,,,
oscillation,oscillation,oscillation,oscillate,,,
osmosis,osmosis,osmosis,osmote,,,
outage,outage,outage,out,,,
outbreak,outbreak,outbreak,break-out,,,
outburst,outburst,outburst,burst-out,,,
outflow,outflow,outflow,outflow,,,
overexertion,overexertion,overexertion,overexert,,,
overflow,overflow,overflow,overflow,,,
overpopulation,overpopulation,overpopulation,overpopulate,,,
ovulation,ovulation,ovulation,ovulate,,,
oxidation,oxidation,oxidation,oxidize,,,
oxychlorination,oxychlorination,oxychlorination,oxychlorinate,,,
oxygenation,oxygenation,oxygenation,oxygenate,,,
panspermia,panspermia,panspermia,,,,https://en.wikipedia.org/wiki/Panspermia
paralysis,paralysis,paralysis,paralyze,,,
parametrization,parametrization,parametrization,parametrize,,,
participation,participation,participation,participate,,,
passivation,passivation,passivation,passivate,,,
payoff,payoff,payoff,pay-off,,,
penetration,penetration,penetration,penetrate,,,
percolation,percolation,percolation,percolate,,,
percussion,percussion,percussion,percuss,,,
perforation,perforation,perforation,perforate,,,
perfusion,perfusion,perfusion,perfuse,,,
peristalsis,peristalsis,peristalsis,,,,https://en.wikipedia.org/wiki/Peristalsis
permafrost,permafrost,permafrost,,,,http://en.wikipedia.org/wiki/Permafrost
permineralization,permineralization,permineralization,permineralize,,,
permutation,permutation,permutation,permute,,,
peroxidation,peroxidation,peroxidation,peroxidate,,,
persistence,persistence,persistence,persist,,,
perspiration,perspiration,perspiration,perspire,,,
perturbation,perturbation,perturbation,perturb,,,
petrification,petrification,petrification,petrify,,,
phosphorescence,phosphorescence,phosphorescence,phosphoresce,,,
phosphorylation,phosphorylation,phosphorylation,phosphorylate,,,
photolysis,photolysis,photolysis,photolyse,"photodecomposition, photodissociation",,https://en.wikipedia.org/wiki/Photodissociation
photon,photon,photon,,,,https://en.wikipedia.org/wiki/Photon
photophosphorylation,photophosphorylation,photophosphorylation,photophosphorylate,,,
photorespiration,photorespiration,photorespiration,photorespire,,,
photosynthesis,photosynthesis,photosynthesis,photosynthesize,,,
placement,placement,placement,place,,,
planation,planation,planation,plane,,,
polarization,polarization,polarization,polarize,,,
pollination,pollination,pollination,pollinate,,,
pollution,pollution,pollution,pollute,,,
polymerization,polymerization,polymerization,polymerize,,,
population,population,population,populate,,,
portage,portage,portage,portage,,,
potentiation,potentiation,potentiation,potentiate,,,
power-blackout,power-blackout,power-blackout,,,,https://en.wikipedia.org/wiki/Power_outage
precession,precession,precession,precess,,,http://en.wikipedia.org/wiki/Precession
precipitation,precipitation,precipitation,precipitate,,,http://en.wikipedia.org/wiki/Precipitation
predation,predation,predation,predate,,,
prediction,prediction,prediction,predict,,,
preparation,preparation,preparation,prepare,,,
preservation,preservation,preservation,preserve,,,
pressurization,pressurization,pressurization,pressurize,,,
prevention,prevention,prevention,prevent,,,
process,process,process,process,,,
processes,processes,processes,,,process,
procurement,procurement,procurement,procure,,,
production,production,production,produce,,,http://en.wikipedia.org/wiki/Production
progradation,progradation,progradation,,,,http://en.wikipedia.org/wiki/Progradation
projection,projection,projection,project,,,
proliferation,proliferation,proliferation,proliferate,,,
prolongation,prolongation,prolongation,prolong,,,
promotion,promotion,promotion,promote,,,
propagation,propagation,propagation,propagate,,,
proprioception,proprioception,proprioception,,,,https://en.wikipedia.org/wiki/Proprioception
propulsion,propulsion,propulsion,propel,,,
protection,protection,protection,protect,,,http://en.wikipedia.org/wiki/Protection
protonation,protonation,protonation,protonate,,,
provocation,provocation,provocation,provoke,,,
pulsation,pulsation,pulsation,pulse,,,
purification,purification,purification,purify,,,
putrefaction,putrefaction,putrefaction,putrefy,,,
pyritization,pyritization,pyritization,pyritize,,,
quarantine,quarantine,quarantine,quarantine,,,
radiation,radiation,radiation,radiate,,,https://en.wikipedia.org/wiki/Radiation
radiation~400-to-680nm,radiation~400-to-680nm,radiation~400-to-680nm,,,,
radiation~780-to-900nm,radiation~780-to-900nm,radiation~780-to-900nm,,,,
radiation~electromagnetic,radiation~electromagnetic,radiation~electromagnetic,,,,https://en.wikipedia.org/wiki/Electromagnetic_radiation
radiation~electromagnetic~gamma,radiation~gamma,radiation~gamma,,gamma_rays,,https://en.wikipedia.org/wiki/Gamma_Radiation
radiation~electromagnetic~longwave,radiation~longwave,radiation~longwave,,,,https://en.wikipedia.org/wiki/Longwave
radiation~electromagnetic~microwave,radiation~microwave,radiation~microwave,,,,https://en.wikipedia.org/wiki/Microwave
radiation~electromagnetic~photosynthetically-active,radiation~photosynthetically-active,radiation~photosynthetically-active,,"par, radiation~400-to-700nm",,https://en.wikipedia.org/wiki/Photosynthetically_active_radiation
radiation~electromagnetic~shortwave,radiation~shortwave,radiation~shortwave,,,,https://en.wikipedia.org/wiki/Shortwave_radiation
radiation~electromagnetic~uv,radiation~uv,radiation~uv,,,,https://en.wikipedia.org/wiki/Ultraviolet
radiation~electromagnetic~uv~254nm,radiation~uv~254nm,radiation~uv~254nm,,,,
radiation~electromagnetic~visible,radiation~visible,radiation~visible,,radiation~light,,https://en.wikipedia.org/wiki/Visible_spectrum
rainfall,rainfall,rainfall,fall,rain,,https://en.wikipedia.org/wiki/Rain
rancidification,rancidification,rancidification,rancidify,,,
rarefaction,rarefaction,rarefaction,rarefy,,,
reaction,reaction,reaction,react,,,http://en.wikipedia.org/wiki/Reaction
readjustment,readjustment,readjustment,readjust,,,
reaeration,reaeration,reaeration,reaerate,,,
reassessment,reassessment,reassessment,reassess,,,
reattachment,reattachment,reattachment,reattach,,,
reception,reception,reception,receive,,,
recession,recession,recession,recess,,,
reciprocation,reciprocation,reciprocation,reciprocate,,,
recirculation,recirculation,recirculation,recirculate,,,
reclamation,reclamation,reclamation,reclaim,,,
recognition,recognition,recognition,recognize,,,
recombination,recombination,recombination,recombine,,,
reconciliation,reconciliation,reconciliation,reconcilliate,,,
reconnection,reconnection,reconnection,reconnect,,,
reconstruction,reconstruction,reconstruction,reconstruct,,,
recovery,recovery,recovery,recover,,,
recruitment,recruitment,recruitment,recriut,,,
recurrence,recurrence,recurrence,recur,,,
recursion,recursion,recursion,recurse,,,
redirection,redirection,redirection,redirect,,,
redistribution,redistribution,redistribution,redistribute,,,
reduction,reduction,reduction,reduce,,,
re-emission,re-emission,re-emission,re-emit,,,
reentry,reentry,reentry,reenter,,,
refinement,refinement,refinement,refine,,,
reflection,reflection,reflection,reflect,,,http://en.wikipedia.org/wiki/Reflection
refraction,refraction,refraction,refract,,,http://en.wikipedia.org/wiki/Refraction
refrigeration,refrigeration,refrigeration,refrigerate,,,
regelation,regelation,regelation,regelate,,,
regeneration,regeneration,regeneration,regenerate,,,
registration,registration,registration,register,,,
regression,regression,regression,regress,,,
regulation,regulation,regulation,regulate,,,
regurgitation,regurgitation,regurgitation,regurgitate,,,
rehabilitation,rehabilitation,rehabilitation,rehabilitate,,,
reinforcement,reinforcement,reinforcement,reinforce,,,
reintroduction,reintroduction,reintroduction,reintroduce,,,
rejection,rejection,rejection,reject,,,
relaxation,relaxation,relaxation,relax,,,
relief,relief,relief,relieve,,,
relocation,relocation,relocation,relocate,,,
remediation,remediation,remediation,remediate,,,
remineralization,remineralization,remineralization,remineralize,remineralisation,,https://en.wikipedia.org/wiki/Remineralisation
remission,remission,remission,remit,,,
removal,removal,removal,remove,,,
rendition,rendition,rendition,render,,,
renewal,renewal,renewal,renew,,,
repercussion,repercussion,repercussion,,,,
replacement,replacement,replacement,replace,,,
replenishment,replenishment,replenishment,replenish,,,
replication,replication,replication,replicate,,,
repopulation,repopulation,repopulation,repopulate,,,
reproduction,reproduction,reproduction,reproduce,,,
repulsion,repulsion,repulsion,repulse,,,
reset,reset,reset,reset,,,
residence,residence,residence,reside,,,
resilience,resilience,resilience,,,,https://en.wikipedia.org/wiki/Resilience
resistance,resistance,resistance,resist,,,
resonance,resonance,resonance,resonate,,,
respiration,respiration,respiration,respire,,,https://en.wikipedia.org/wiki/Respiration
response,response,response,respond,,,
restitution,restitution,restitution,restitute,,,
restoration,restoration,restoration,restore,,,
resuscitation,resuscitation,resuscitation,resuscitate,,,
resuspension,resuspension,resuspension,resuspend,,,
retention,retention,retention,retain,,,
retraction,retraction,retraction,retract,,,
retreat,retreat,retreat,retreat,,,https://en.wikipedia.org/wiki/Retreat
retrieval,retrieval,retrieval,retrieve,,,
retrogradation,retrogradation,retrogradation,retrograde,,,
revegetation,revegetation,revegetation,revegetate,,,
reverberation,reverberation,reverberation,reverberate,,,
reversal,reversal,reversal,reverse,,,
reversion,reversion,reversion,reverse,,,
revolution,revolution,revolution,revolve,,,
rockfall,rockfall,rockfall,fall,,,
rollback,rollback,rollback,roll-back,,,
rotation,rotation,rotation,rotate,,,http://en.wikipedia.org/wiki/Rotation
round-trip-travel,round-trip-travel,round-trip-travel,travel,,,
runoff,runoff,runoff,run-off,,,http://en.wikipedia.org/wiki/Runoff
runup,runup,runup,run-up,,,
saccharification,saccharification,saccharification,saccharify,,,
saltation,saltation,saltation,saltate,,,
sample,sample,sample,sample,,,https://en.wiktionary.org/wiki/sample#Verb
sanitation,sanitation,sanitation,sanitize,,,
sanitization,sanitization,sanitization,sanitize,,,
saturation,saturation,saturation,saturate,,,
savanna,savanna,savanna,,savannah,,https://en.wikipedia.org/wiki/Savanna
scintillation,scintillation,scintillation,scintillate,,,https://en.wikipedia.org/wiki/Scintillation_(physics)
seclusion,seclusion,seclusion,seclude,,,
secretion,secretion,secretion,secrete,,,
sedimentation,sedimentation,sedimentation,sediment,,,https://en.wikipedia.org/wiki/Sedimentation
seepage,seepage,seepage,seep,,,
segregation,segregation,segregation,segregate,,,
seizure,seizure,seizure,seize,,,
selection,selection,selection,select,,,
separation,separation,separation,separate,,,
sequestration,sequestration,sequestration,sequester,,,
shortage,shortage,shortage,,,,https://en.wikipedia.org/wiki/Shortage
shrinkage,shrinkage,shrinkage,shrink,,,
sideslip,sideslip,sideslip,sideslip,,,
sighting,sighting,sighting,sight,,,
silicification,silicification,silicification,,,,
simulation,simulation,simulation,simulate,,,
skeletonization,skeletonization,skeletonization,skeletonize,,,
slippage,slippage,slippage,slip,,,
snowfall,snowfall,snowfall,precipitate,,,
solidification,solidification,solidification,solidify,,,
solifluction,solifluction,solifluction,solifluct,,,
solstice,solstice,solstice,,,,https://en.wikipedia.org/wiki/Solstice
sonication,sonication,sonication,sonicate,,,
sorption,sorption,sorption,,,,
spallation,spallation,spallation,spallate,,,
speciation,speciation,speciation,speciate,,,
spillover,spillover,spillover,spill-over,,,
stagnation,stagnation,stagnation,stagnate,,,
starvation,starvation,starvation,starve,,,
stasis,stasis,stasis,,,,https://en.wikipedia.org/wiki/Stability_theory
stemflow,stemflow,stemflow,flow,,,https://en.wikipedia.org/wiki/Stemflow
sterilization,sterilization,sterilization,sterilize,,,
stimulation,stimulation,stimulation,stimulate,,,
stoppage,stoppage,stoppage,stop,,,http://en.wikipedia.org/wiki/Stop
storage,storage,storage,store,,,
storm,storm,storm,,,,http://en.wikipedia.org/wiki/Storm
storm~cyclone,storm~cyclone,storm~cyclone,,,,
storm~cyclone~tropical,storm~cyclone~tropical,storm~cyclone~tropical,,,,
storm~thunderstorm,thunderstorm,thunderstorm,,"storm~electrical, storm~lightning, thundershower",,https://en.wikipedia.org/wiki/Thunderstorm
stratification,stratification,stratification,stratify,,,
stratiform-precipitation,stratiform-precipitation,stratiform-precipitation,precipitate,,,
subduction,subduction,subduction,subduct,,,
sublimation,sublimation,sublimation,sublimate,,,http://en.wikipedia.org/wiki/Sublimation
submersion,submersion,submersion,submerge,,,
submission,submission,submission,submit,,,
subsidence,subsidence,subsidence,subside,,,http://en.wikipedia.org/wiki/Subsidence
subtraction,subtraction,subtraction,subtract,,,
subvocalization,subvocalization,subvocalization,subvocalize,,,
success,success,success,succeed,,,
succession,succession,succession,succeed,,,
suction,suction,suction,suction,,,https://en.wikipedia.org/wiki/Suction
suffusion,suffusion,suffusion,suffuse,,,
sunglint,sunglint,sunglint,,,,https://en.wikipedia.org/wiki/Sunglint
sunrise,sunrise,sunrise,,,,https://en.wikipedia.org/wiki/Sunrise
sunset,sunset,sunset,,sundown,,https://en.wikipedia.org/wiki/Sunset
sunshine,sunshine,sunshine,,,,https://en.wikipedia.org/wiki/Sunshine
superconduction,superconduction,superconduction,superconduct,,,
superposition,superposition,superposition,,,,https://en.wikipedia.org/wiki/Superposition_principle
supply,supply,supply,supply,,,
support,support,support,support,,,
suppression,suppression,suppression,suppress,,,
surge,surge,surge,surge,,,http://en.wikipedia.org/wiki/Surge
survival,survival,survival,survive,,,
suspension,suspension,suspension,suspend,,,
swim,swim,swim,swim,,,
switch,switch,switch,switch,,,
symbiosis,symbiosis,symbiosis,,,,https://en.wikipedia.org/wiki/Symbiosis
synchronization,synchronization,synchronization,synchronize,,,
synnecrosis,synnecrosis,synnecrosis,,,,https://en.wikipedia.org/wiki/Biological_interaction#Competition
synthesis,synthesis,synthesis,synthesize,,,
syzygy,syzygy,syzygy,,,,
tabulation,tabulation,tabulation,tabulate,,,
tailspin,tailspin,tailspin,spin,,,
takeoff,takeoff,takeoff,take-off,,,
takeover,takeover,takeover,take-over,,,
teardown,teardown,teardown,tear-down,,,
teleconnection,teleconnection,teleconnection,teleconnect,,,
teleportation,teleportation,teleportation,teleport,,,
tension,tension,tension,tense,,,
termination,termination,termination,terminate,,,
test,test,test,test,,,
thaw,thaw,thaw,thaw,,,
thermoregulation,thermoregulation,thermoregulation,thermoregulate,,,
thrombosis,thrombosis,thrombosis,,,,https://en.wikipedia.org/wiki/Thrombosis
throughfall,throughfall,throughfall,fall-through,,,https://en.wikipedia.org/wiki/Throughfall
throughflow,throughflow,throughflow,flow-through,,,
tide,tide,tide,,,,http://en.wikipedia.org/wiki/Tide
tides,tides,tides,,,tide,
tillage,tillage,tillage,till,,,
titration,titration,titration,titrate,,,
traction,traction,traction,tract,,,
tradeoff,tradeoff,tradeoff,trade-off,,,
training,training,training,train,,,
transaction,transaction,transaction,transact,,,
transcription,transcription,transcription,transcribe,,,
transduction,transduction,transduction,transduce,,,
transfection,transfection,transfection,transfect,,,
transfer,transfer,transfer,transfer,,,
transformation,transformation,transformation,transform,,,
transfusion,transfusion,transfusion,transfuse,,,
transgression,transgression,transgression,transgress,,,
transit,transit,transit,transit,,,
transition,transition,transition,transition,,,
translation,translation,translation,translate,,,
transmission,transmission,transmission,transmit,,,http://en.wikipedia.org/wiki/Transmission
transmutation,transmutation,transmutation,transmute,,,
transpiration,transpiration,transpiration,transpire,,,http://en.wikipedia.org/wiki/Transpiration
transplantation,transplantation,transplantation,transplant,,,
transport,transport,transport,transport,,,https://en.wiktionary.org/wiki/transport#Verb
transudation,transudation,transudation,transude,,,
travel,travel,travel,travel,,,https://en.wiktionary.org/wiki/travel#Verb
traversal,traversal,traversal,traverse,,,
treatment,treatment,treatment,treat,,,
treefall-gap,treefall-gap,treefall-gap,,,,https://en.wikipedia.org/wiki/Treefall_gap
treethrow,treethrow,treethrow,,"tree-throw, tree-hole",,https://en.wikipedia.org/wiki/Tree_throw
trend,trend,trend,trend,,,
triage,triage,triage,,,,https://en.wikipedia.org/wiki/Triage
trial,trial,trial,try,,,
triangulation,triangulation,triangulation,triangulate,,,
trigger,trigger,trigger,trigger,,,
trilateration,trilateration,trilateration,trilaterate,,,
trip,trip,trip,trip,,,
trituration,trituration,trituration,triturate,,,
trophobiosis,trophobiosis,trophobiosis,,,,https://en.wikipedia.org/wiki/Trophobiosis
tropopause,tropopause,tropopause,,,,https://en.wikipedia.org/wiki/Tropopause
troposphere,troposphere,troposphere,,,,https://en.wikipedia.org/wiki/Troposphere
turbulence,turbulence,turbulence,,,,https://en.wikipedia.org/wiki/Turbulence
turbulent-mixing,turbulent-mixing,turbulent-mixing,turbulent-mix,,,
turnout,turnout,turnout,turn-out,,,
turnover,turnover,turnover,turn-over,,,
twilight,twilight,twilight,,,,https://en.wikipedia.org/wiki/Twilight
underdrag,underdrag,underdrag,underdrag,,,
undershoot,undershoot,undershoot,undershoot,,,
undertow,undertow,undertow,undertow,,,
undulation,undulation,undulation,undulate,,,
union,union,union,unionize,,,
universe,universe,universe,,,,http://en.wikipedia.org/wiki/Universe
updraft,updraft,updraft,,draft~vertical,,https://en.wikipedia.org/wiki/Vertical_draft
updraft~convective,updraft~convective,updraft~convective,,,,
upheaval,upheaval,upheaval,,,,
uplift,uplift,uplift,lift-up,,,http://en.wikipedia.org/wiki/Uplift
upscale,upscale,upscale,scale-up,,,
uptake,uptake,uptake,take-up,,,
upwell,upwell,upwell,upwell,,,https://en.wikipedia.org/wiki/Upwelling
urbanization,urbanization,urbanization,urbanize,,,
usage,usage,usage,use,,,
utilization,utilization,utilization,utilize,use,,https://en.wikipedia.org/wiki/Utilization
vaccination,vaccination,vaccination,vaccinate,,,
vacuum,vacuum,vacuum,,free_space,,https://en.wikipedia.org/wiki/Vacuum#In_electromagnetism
validation,validation,validation,validate,,,
vaporization,vaporization,vaporization,vaporize,,,http://en.wikipedia.org/wiki/Vaporization
variation,variation,variation,vary,,,
variolation,variolation,variolation,variolate,,,
vasoconstriction,vasoconstriction,vasoconstriction,constrict,,,https://en.wikipedia.org/wiki/Vasoconstriction
vasodilation,vasodilation,vasodilation,dilate,,,https://en.wikipedia.org/wiki/Vasodilation
vellication,vellication,vellication,vellicate,,,
ventilation,ventilation,ventilation,ventilate,,,
verification,verification,verification,verify,,,
vibration,vibration,vibration,vibrate,,,
viewing,viewing,viewing,view,,,
violation,violation,violation,violate,,,
vitrification,vitrification,vitrification,vitrify,,,
vocalization,vocalization,vocalization,vocalize,,,
volatilization,volatilization,volatilization,volatilize,,,
volition,volition,volition,,,,https://en.wikipedia.org/wiki/Volition_(psychology)
vortex,vortex,vortex,,,,https://en.wikipedia.org/wiki/Vortex
wait,wait,wait,wait,,,
washoff,washoff,washoff,wash-off,,,
wave,wave,wave,,,,http://en.wikipedia.org/wiki/Wave
wave~airy,wave~airy,wave~airy,,,,https://en.wikipedia.org/wiki/Airy_wave_theory#Mathematical_formulation_of_the_wave_motion
wave~breaking,wave~breaking,wave~breaking,,,,https://en.wikipedia.org/wiki/Breaking_wave
wave~cnoidal,wave~cnoidal,wave~cnoidal,,,,https://en.wikipedia.org/wiki/Cnoidal_wave
wave~deepwater,wave~deepwater,wave~deepwater,,,,
wave~electromagnetic,wave~electromagnetic,wave~electromagnetic,,,,https://en.wikipedia.org/wiki/Electromagnetic_radiation
wave~gravity,wave~gravity,wave~gravity,,,,https://en.wikipedia.org/wiki/Gravity_wave
wave~gravity~internal,wave~gravity~internal,wave~gravity~internal,,,,https://en.wikipedia.org/wiki/Internal_wave
wave~gravity~nonorographic,wave~gravity~nonorographic,wave~gravity~nonorographic,,,,
wave~gravity~orographic,wave~gravity~orographic,wave~gravity~orographic,,,,
wave~mechanical,wave~mechanical,wave~mechanical,,,,https://en.wikipedia.org/wiki/Mechanical_wave
wave~mechanical~acoustic,wave~acoustic,wave~acoustic,,sound,,"https://en.wikipedia.org/wiki/Acoustic_wave, https://en.wikipedia.org/wiki/Sound"
wave~mechanical~swell,swell,swell,,,,https://en.wikipedia.org/wiki/Swell_(ocean)
wave~mechanical~swell~primary,swell~primary,swell~primary,,,,
wave~mechanical~swell~secondary,swell~secondary,swell~secondary,,,,
wave~seismic,wave~seismic,wave~seismic,,,,https://en.wikipedia.org/wiki/Seismic_wave
wave~seismic~love,wave~seismic~love,wave~seismic~love,,,,http://en.wikipedia.org/wiki/Seismic_wave#Love_waves
wave~seismic~p,wave~seismic~p,wave~seismic~p,,,,https://en.wikipedia.org/wiki/P-wave
wave~seismic~rayleigh,wave~seismic~rayleigh,wave~seismic~rayleigh,,,,https://en.wikipedia.org/wiki/Seismic_wave#Rayleigh_waves
wave~seismic~s,wave~seismic~s,wave~seismic~s,,,,https://en.wikipedia.org/wiki/S-wave
wave~seismic~sh,wave~seismic~sh,wave~seismic~sh,,,,
wave~sine,wave~sine,wave~sine,,,,https://en.wikipedia.org/wiki/Sine_wave
wave~stokes,wave~stokes,wave~stokes,,,,https://en.wikipedia.org/wiki/Stokes_wave
wave~sv,wave~seismic~sv,wave~seismic~sv,,,,
waves,waves,waves,,,wave,
waves~gravity,waves~gravity,waves~gravity,,,wave~gravity,
waves~gravity~orographic,waves~gravity~orographic,waves~gravity~orographic,,,wave~gravity~orographic,
wind,wind,wind,flow,,,http://en.wikipedia.org/wiki/Wind
withdrawal,withdrawal,withdrawal,withdraw,,,https://en.wikipedia.org/wiki/Withdrawal
xenotransplantation,xenotransplantation,xenotransplantation,xenotransplant,,,
